,Class,Precision,Recall,F1 Score
0,A1010,0.9565217391304348,0.9850746268656716,0.9705882352941176
1,A1020,1.0,0.9672131147540983,0.9833333333333333
2,A1030,0.9726027397260274,1.0,0.9861111111111112
3,A2010,0.9866666666666667,1.0,0.9932885906040269
4,A2020,0.9166666666666666,0.8461538461538461,0.8799999999999999
5,B1010,0.9980119284294234,0.997020854021847,0.9975161450571286
6,B1020,0.9922480620155039,0.9770992366412213,0.9846153846153846
7,B2010,0.9963898916967509,0.9981916817359855,0.997289972899729
8,B2020,0.9969418960244648,1.0,0.9984686064318529
9,B2030,0.9333333333333333,0.9333333333333333,0.9333333333333333
10,B3010,0.9661016949152542,0.9344262295081968,0.95
11,B3020,0.6666666666666666,1.0,0.8
12,C1010,0.9298245614035088,0.9981167608286252,0.9627611262488647
13,C1020,1.0,0.9916666666666667,0.99581589958159
14,C1030,0.990909090909091,0.990909090909091,0.990909090909091
15,C2010,1.0,0.524390243902439,0.6880000000000001
16,C2020,1.0,1.0,1.0
17,C3010,0.9984326018808778,0.9922118380062306,0.9953125
18,C3020,0.9980952380952381,1.0,0.9990467111534795
19,C3030,0.9915730337078652,1.0,0.995768688293371
20,D1010,1.0,0.994535519125683,0.9972602739726028
21,D1020,1.0,1.0,1.0
22,D1090,1.0,1.0,1.0
23,D2010,1.0,1.0,1.0
24,D2020,1.0,1.0,1.0
25,D2030,1.0,0.8823529411764706,0.9375
26,D2040,0.0,0.0,0.0
27,D2090,1.0,1.0,1.0
28,D3010,1.0,1.0,1.0
29,D3020,0.8947368421052632,1.0,0.9444444444444444
30,D3030,0.9859154929577465,1.0,0.9929078014184397
31,D3040,1.0,0.9919028340080972,0.9959349593495934
32,D3050,0.9731903485254692,1.0,0.9864130434782609
33,D3060,0.9615384615384616,1.0,0.9803921568627451
34,D3070,0.9777777777777777,1.0,0.9887640449438202
35,D4010,1.0,1.0,1.0
36,D4020,1.0,1.0,1.0
37,D4030,1.0,1.0,1.0
38,D4090,1.0,1.0,1.0
39,D5010,0.9897959183673469,0.9509803921568627,0.9700000000000001
40,D5020,0.9779411764705882,0.9708029197080292,0.9743589743589743
41,D5030,1.0,0.9312977099236641,0.9644268774703557
42,D5090,0.9320388349514563,0.9896907216494846,0.9600000000000001
43,E1010,1.0,1.0,1.0
44,E1020,1.0,0.8333333333333334,0.9090909090909091
45,E1030,1.0,1.0,1.0
46,E1090,0.9636363636363636,0.9814814814814815,0.9724770642201834
47,E2010,0.9879518072289156,1.0,0.993939393939394
48,E2020,1.0,1.0,1.0
