,Class,Precision,Recall,F1 Score
0,A1010,0.9850746268656716,0.9850746268656716,0.9850746268656716
1,A1020,1.0,0.9836065573770492,0.9917355371900827
2,A1030,0.9452054794520548,0.971830985915493,0.9583333333333334
3,A2010,0.9733333333333334,0.9864864864864865,0.9798657718120806
4,A2020,1.0,0.8461538461538461,0.9166666666666666
5,B1010,0.997020854021847,0.997020854021847,0.997020854021847
6,B1020,0.9663865546218487,0.8778625954198473,0.9200000000000002
7,B2010,0.9945945945945946,0.9981916817359855,0.9963898916967509
8,B2020,1.0,1.0,1.0
9,B2030,0.9333333333333333,0.9333333333333333,0.9333333333333333
10,B3010,0.7733333333333333,0.9508196721311475,0.8529411764705883
11,B3020,0.0,0.0,0.0
12,C1010,0.9294532627865961,0.992467043314501,0.9599271402550091
13,C1020,1.0,1.0,1.0
14,C1030,0.990990990990991,1.0,0.9954751131221719
15,C2010,1.0,0.524390243902439,0.6880000000000001
16,C2020,1.0,1.0,1.0
17,C3010,0.9968652037617555,0.9906542056074766,0.99375
18,C3020,0.9980952380952381,1.0,0.9990467111534795
19,C3030,0.9805555555555555,1.0,0.9901823281907433
20,D1010,1.0,1.0,1.0
21,D1020,1.0,1.0,1.0
22,D1090,1.0,0.9545454545454546,0.9767441860465117
23,D2010,1.0,1.0,1.0
24,D2020,0.9912280701754386,1.0,0.9955947136563876
25,D2030,0.8823529411764706,0.8823529411764706,0.8823529411764706
26,D2040,0.0,0.0,0.0
27,D2090,0.0,0.0,0.0
28,D3010,1.0,1.0,1.0
29,D3020,0.8823529411764706,0.8823529411764706,0.8823529411764706
30,D3030,1.0,1.0,1.0
31,D3040,0.991869918699187,0.9878542510121457,0.9898580121703855
32,D3050,0.978319783197832,0.9944903581267218,0.9863387978142077
33,D3060,0.9615384615384616,1.0,0.9803921568627451
34,D3070,0.9777777777777777,1.0,0.9887640449438202
35,D4010,1.0,1.0,1.0
36,D4020,1.0,0.9850746268656716,0.9924812030075187
37,D4030,1.0,1.0,1.0
38,D4090,1.0,1.0,1.0
39,D5010,0.9900990099009901,0.9803921568627451,0.9852216748768472
40,D5020,0.9850746268656716,0.9635036496350365,0.9741697416974171
41,D5030,1.0,0.9312977099236641,0.9644268774703557
42,D5090,0.9230769230769231,0.9896907216494846,0.955223880597015
43,E1010,1.0,0.7142857142857143,0.8333333333333333
44,E1020,0.7142857142857143,0.8333333333333334,0.7692307692307692
45,E1030,0.0,0.0,0.0
46,E1090,0.9636363636363636,0.9814814814814815,0.9724770642201834
47,E2010,0.9761904761904762,1.0,0.9879518072289156
48,E2020,1.0,1.0,1.0
